Workbook

Sheet Data
A1: Icono part.abiertas/comp. | B1: Asignación | C1: Nº documento | D1: División | E1: Clase de documento | F1: Fecha de documento | G1: Clave contabiliz. | H1: Importe en moneda local | I1: Moneda local | J1: Indicador impuestos | K1: Doc.compensación | L1: Nombre | M1: Fe.contabilización | N1: Documento compras | O1: Posición | P1: CONCATENA | Q1: Fecha de entrega | R1: Grupo de compras | S1: Proveedor/Centro suministrador
C2: 1900011914 | E2: GG | F2: 46100 | G2: 96 | H2: -4678042.2 | I2: ARS | J2: C1 | L2: AURELIA SACIYF | M2: 46213 | N2: 4500121598 | O2: 20 | P2: =_xlfn.CONCAT(N2:O2) -> 450012159820 | Q2: {=VLOOKUP(P2,Hoja1!C:F,{2,3,4},FALSE)} -> 46091 | R2: C03 | S2: 1000000754 AURELIA SACIYF
C3: 1900011914 | E3: GG | F3: 46100 | G3: 96 | H3: -175105.98 | I3: ARS | J3: C1 | L3: AURELIA SACIYF | M3: 46213 | N3: 4500121598 | O3: 40 | P3: =_xlfn.CONCAT(N3:O3) -> 450012159840 | Q3: {=VLOOKUP(P3,Hoja1!C:F,{2,3,4},FALSE)} -> 46091 | R3: C03 | S3: 1000000754 AURELIA SACIYF
C4: 1900000693 | D4: 8000 | E4: GR | F4: 45966 | G4: 86 | H4: 16833600 | I4: ARS | J4: C1 | L4: LA LILY S.A | M4: 45973 | N4: 4500112140 | O4: 10 | P4: =_xlfn.CONCAT(N4:O4) -> 450011214010 | Q4: {=VLOOKUP(P4,Hoja1!C:F,{2,3,4},FALSE)} -> 46053 | R4: C14 | S4: 1000000681 LA LILY S.A
C5: 1900004712 | D5: 3000 | E5: GR | F5: 46058 | G5: 86 | H5: 37297.16 | I5: ARS | J5: C1 | L5: TIGRE ARGENTINA S.A. | M5: 46071 | N5: 4500120177 | O5: 30 | P5: =_xlfn.CONCAT(N5:O5) -> 450012017730 | Q5: {=VLOOKUP(P5,Hoja1!C:F,{2,3,4},FALSE)} -> 46097 | R5: C09 | S5: 1000000417 TIGRE ARGENTINA S.A.
C6: 1900004715 | D6: 3000 | E6: GR | F6: 46058 | G6: 86 | H6: 76107.8 | I6: ARS | J6: C1 | L6: TIGRE ARGENTINA S.A. | M6: 46071 | N6: 4500120178 | O6: 20 | P6: =_xlfn.CONCAT(N6:O6) -> 450012017820 | Q6: {=VLOOKUP(P6,Hoja1!C:F,{2,3,4},FALSE)} -> 46097 | R6: C09 | S6: 1000000417 TIGRE ARGENTINA S.A.
C7: 1900005391 | E7: GR | F7: 46083 | G7: 86 | H7: 8694649.1 | I7: ARS | J7: C9 | L7: SERVICIOS CIPOLLETTI SRL | M7: 46085 | N7: 4500119831 | O7: 10 | P7: =_xlfn.CONCAT(N7:O7) -> 450011983110 | Q7: {=VLOOKUP(P7,Hoja1!C:F,{2,3,4},FALSE)} -> 46140 | R7: C21 | S7: 1000006796 SERVICIOS CIPOLLETTI SRL
C8: 1900005470 | D8: 3000 | E8: GR | F8: 46085 | G8: 86 | H8: 10683.25 | I8: ARS | J8: C1 | L8: EQUIPEL SRL | M8: 46087 | N8: 4500120570 | O8: 40 | P8: =_xlfn.CONCAT(N8:O8) -> 450012057040 | Q8: {=VLOOKUP(P8,Hoja1!C:F,{2,3,4},FALSE)} -> 46092 | R8: C11 | S8: 1000001211 EQUIPEL SRL
C9: 1900005470 | D9: 3000 | E9: GR | F9: 46085 | G9: 86 | H9: 23262.6 | I9: ARS | J9: C1 | L9: EQUIPEL SRL | M9: 46087 | N9: 4500120570 | O9: 100 | P9: =_xlfn.CONCAT(N9:O9) -> 4500120570100 | Q9: {=VLOOKUP(P9,Hoja1!C:F,{2,3,4},FALSE)} -> 46092 | R9: C11 | S9: 1000001211 EQUIPEL SRL
C10: 1900005622 | E10: GR | F10: 46086 | G10: 86 | H10: 15403403 | I10: ARS | J10: C1 | L10: GASES ROSARIO S.R.L. | M10: 46091 | N10: 4500121166 | O10: 20 | P10: =_xlfn.CONCAT(N10:O10) -> 450012116620 | Q10: {=VLOOKUP(P10,Hoja1!C:F,{2,3,4},FALSE)} -> 46090 | R10: C27 | S10: 1000000010 GASES ROSARIO S.R.L.
C11: 1900006657 | D11: 3000 | E11: GR | F11: 46113 | G11: 86 | H11: 861230 | I11: ARS | J11: C1 | L11: CICCIOELEC SA | M11: 46113 | N11: 4500122510 | O11: 80 | P11: =_xlfn.CONCAT(N11:O11) -> 450012251080 | Q11: {=VLOOKUP(P11,Hoja1!C:F,{2,3,4},FALSE)} -> 46122 | R11: C11 | S11: 1000003063 CICCIOELEC SA
C12: 1900006657 | D12: 3000 | E12: GR | F12: 46113 | G12: 86 | H12: 2498916 | I12: ARS | J12: C1 | L12: CICCIOELEC SA | M12: 46113 | N12: 4500122510 | O12: 170 | P12: =_xlfn.CONCAT(N12:O12) -> 4500122510170 | Q12: {=VLOOKUP(P12,Hoja1!C:F,{2,3,4},FALSE)} -> 46122 | R12: C11 | S12: 1000003063 CICCIOELEC SA
C13: 1900007490 | E13: GR | F13: 46123 | G13: 86 | H13: 6511283.5 | I13: ARS | J13: C1 | L13: BUNTECH DEL LAGO SOCIEDAD ANONIMA | M13: 46127 | N13: 4500123321 | O13: 20 | P13: =_xlfn.CONCAT(N13:O13) -> 450012332120 | Q13: {=VLOOKUP(P13,Hoja1!C:F,{2,3,4},FALSE)} -> 46142 | R13: C14 | S13: 1000001146 BUNTECH DEL LAGO SOCIEDAD ANONIMA
C14: 1900007491 | E14: GR | F14: 46123 | G14: 86 | H14: 6443268.7 | I14: ARS | J14: C1 | L14: BUNTECH DEL LAGO SOCIEDAD ANONIMA | M14: 46127 | N14: 4500123321 | O14: 20 | P14: =_xlfn.CONCAT(N14:O14) -> 450012332120 | Q14: {=VLOOKUP(P14,Hoja1!C:F,{2,3,4},FALSE)} -> 46142 | R14: C14 | S14: 1000001146 BUNTECH DEL LAGO SOCIEDAD ANONIMA
C15: 1900008023 | E15: GR | F15: 45743 | G15: 86 | H15: 1320000 | I15: ARS | J15: C1 | L15: CASELLA GUILLERMO CESAR | M15: 45771 | N15: 4500096318 | O15: 10 | P15: =_xlfn.CONCAT(N15:O15) -> 450009631810 | Q15: {=VLOOKUP(P15,Hoja1!C:F,{2,3,4},FALSE)} -> 45751 | R15: C17 | S15: 1000000850 CASELLA GUILLERMO CESAR
C16: 1900008202 | D16: 3000 | E16: GR | F16: 46135 | G16: 86 | H16: 15102.88 | I16: ARS | J16: C1 | L16: FELRRO SRL | M16: 46136 | N16: 4500125959 | O16: 30 | P16: =_xlfn.CONCAT(N16:O16) -> 450012595930 | Q16: {=VLOOKUP(P16,Hoja1!C:F,{2,3,4},FALSE)} -> 46156 | R16: C11 | S16: 1000012787 FELRRO SRL
C17: 1900008202 | D17: 3000 | E17: GR | F17: 46135 | G17: 86 | H17: 16967507 | I17: ARS | J17: C1 | L17: FELRRO SRL | M17: 46136 | N17: 4500120744 | O17: 20 | P17: =_xlfn.CONCAT(N17:O17) -> 450012074420 | Q17: {=VLOOKUP(P17,Hoja1!C:F,{2,3,4},FALSE)} -> 46121 | R17: C11 | S17: 1000012787 FELRRO SRL
C18: 1900009204 | E18: GR | F18: 45797 | G18: 86 | H18: 601692 | I18: ARS | J18: C1 | L18: LOPEZ DIESEL S.A. | M18: 45800 | N18: 4500099273 | O18: 150 | P18: =_xlfn.CONCAT(N18:O18) -> 4500099273150 | Q18: {=VLOOKUP(P18,Hoja1!C:F,{2,3,4},FALSE)} -> 45838 | R18: C03 | S18: 1000003040 LOPEZ DIESEL S.A.
C19: 1900009592 | D19: 3000 | E19: GR | F19: 46160 | G19: 86 | H19: 1213116 | I19: ARS | J19: C1 | L19: RANAWEL SA | M19: 46161 | N19: 4500125561 | O19: 20 | P19: =_xlfn.CONCAT(N19:O19) -> 450012556120 | Q19: {=VLOOKUP(P19,Hoja1!C:F,{2,3,4},FALSE)} -> 46171 | R19: C28 | S19: 1000011064 RANAWEL SA
C20: 1900009882 | E20: GR | F20: 46168 | G20: 86 | H20: 1007826.3 | I20: ARS | J20: C9 | L20: GLOBAL OIL S.R.L. | M20: 46171 | N20: 4500125979 | O20: 10 | P20: =_xlfn.CONCAT(N20:O20) -> 450012597910 | Q20: {=VLOOKUP(P20,Hoja1!C:F,{2,3,4},FALSE)} -> 46254 | R20: C21 | S20: 1000000808 GLOBAL OIL S.R.L.
C21: 1900009882 | E21: GR | F21: 46168 | G21: 86 | H21: 212200.14 | I21: ARS | J21: C9 | L21: GLOBAL OIL S.R.L. | M21: 46171 | N21: 4500125979 | O21: 10 | P21: =_xlfn.CONCAT(N21:O21) -> 450012597910 | Q21: {=VLOOKUP(P21,Hoja1!C:F,{2,3,4},FALSE)} -> 46254 | R21: C21 | S21: 1000000808 GLOBAL OIL S.R.L.
C22: 1900010163 | D22: 8000 | E22: GR | F22: 46164 | G22: 86 | H22: 6529863 | I22: ARS | J22: C1 | L22: LA LILY S.A | M22: 46177 | N22: 4500128112 | O22: 10 | P22: =_xlfn.CONCAT(N22:O22) -> 450012811210 | Q22: {=VLOOKUP(P22,Hoja1!C:F,{2,3,4},FALSE)} -> 46234 | R22: C14 | S22: 1000000681 LA LILY S.A
C23: 1900010553 | E23: GR | F23: 46113 | G23: 86 | H23: 359559.08 | I23: ARS | J23: C1 | L23: ALFREDO CRIOLANI E HIJOS S.A. | M23: 46182 | N23: 4500123477 | O23: 80 | P23: =_xlfn.CONCAT(N23:O23) -> 450012347780 | Q23: {=VLOOKUP(P23,Hoja1!C:F,{2,3,4},FALSE)} -> 46122 | R23: C29 | S23: 1000000229 ALFREDO CRIOLANI E HIJOS S.A.
C24: 1900011121 | E24: GR | F24: 46195 | G24: 86 | H24: 529946.03 | I24: ARS | J24: C9 | L24: GLOBAL OIL S.R.L. | M24: 46199 | N24: 4500129914 | O24: 10 | P24: =_xlfn.CONCAT(N24:O24) -> 450012991410 | Q24: {=VLOOKUP(P24,Hoja1!C:F,{2,3,4},FALSE)} -> 46295 | R24: C21 | S24: 1000000808 GLOBAL OIL S.R.L.
C25: 1900011346 | E25: GR | F25: 46203 | G25: 86 | H25: 445128.41 | I25: ARS | J25: C9 | L25: GLOBAL OIL S.R.L. | M25: 46205 | N25: 4500129914 | O25: 10 | P25: =_xlfn.CONCAT(N25:O25) -> 450012991410 | Q25: {=VLOOKUP(P25,Hoja1!C:F,{2,3,4},FALSE)} -> 46295 | R25: C21 | S25: 1000000808 GLOBAL OIL S.R.L.
C26: 1900011895 | D26: Z000 | E26: GR | F26: 46206 | G26: 86 | H26: 51332266 | I26: ARS | J26: C1 | L26: GRIMALDI G.H. S.R.L. | M26: 46213 | N26: 4500130791 | O26: 20 | P26: =_xlfn.CONCAT(N26:O26) -> 450013079120 | Q26: {=VLOOKUP(P26,Hoja1!C:F,{2,3,4},FALSE)} -> 46325 | R26: C26 | S26: 1000000483 GRIMALDI G.H. S.R.L.
C27: 1900011895 | D27: Z000 | E27: GR | F27: 46206 | G27: 86 | H27: 10163612 | I27: ARS | J27: C1 | L27: GRIMALDI G.H. S.R.L. | M27: 46213 | N27: 4500130791 | O27: 30 | P27: =_xlfn.CONCAT(N27:O27) -> 450013079130 | Q27: {=VLOOKUP(P27,Hoja1!C:F,{2,3,4},FALSE)} -> 46325 | R27: C26 | S27: 1000000483 GRIMALDI G.H. S.R.L.
C28: 1900011895 | D28: Z000 | E28: GR | F28: 46206 | G28: 86 | H28: 40504122 | I28: ARS | J28: C1 | L28: GRIMALDI G.H. S.R.L. | M28: 46213 | N28: 4500130791 | O28: 40 | P28: =_xlfn.CONCAT(N28:O28) -> 450013079140 | Q28: {=VLOOKUP(P28,Hoja1!C:F,{2,3,4},FALSE)} -> 46325 | R28: C26 | S28: 1000000483 GRIMALDI G.H. S.R.L.
C29: 1900012054 | E29: GR | F29: 46181 | G29: 86 | H29: 5511903.7 | I29: ARS | J29: C1 | L29: FERRARO Y CIA S.A. | M29: 46219 | N29: 4500119904 | O29: 10 | P29: =_xlfn.CONCAT(N29:O29) -> 450011990410 | Q29: {=VLOOKUP(P29,Hoja1!C:F,{2,3,4},FALSE)} -> 46284 | R29: C21 | S29: 1000004906 FERRARO Y CIA S.A.
C30: 1900012054 | E30: GR | F30: 46181 | G30: 86 | H30: 860288.07 | I30: ARS | J30: C9 | L30: FERRARO Y CIA S.A. | M30: 46219 | N30: 4500119904 | O30: 10 | P30: =_xlfn.CONCAT(N30:O30) -> 450011990410 | Q30: {=VLOOKUP(P30,Hoja1!C:F,{2,3,4},FALSE)} -> 46284 | R30: C21 | S30: 1000004906 FERRARO Y CIA S.A.
C31: 1900012395 | D31: Z000 | E31: GR | F31: 46219 | G31: 86 | H31: 23160151 | I31: ARS | J31: C1 | L31: MADETEC S.A. | M31: 46230 | N31: 4500132626 | O31: 10 | P31: =_xlfn.CONCAT(N31:O31) -> 450013262610 | Q31: {=VLOOKUP(P31,Hoja1!C:F,{2,3,4},FALSE)} -> 46317 | R31: C19 | S31: 1000000015 MADETEC S.A.
C32: 1900013217 | D32: Z000 | E32: GR | F32: 46245 | G32: 86 | H32: 198347.04 | I32: ARS | J32: C1 | L32: EMILIA MASSARELLI SRL | M32: 46246 | N32: 4500134840 | O32: 10 | P32: =_xlfn.CONCAT(N32:O32) -> 450013484010 | Q32: {=VLOOKUP(P32,Hoja1!C:F,{2,3,4},FALSE)} -> 46305 | R32: C26 | S32: 1000003158 EMILIA MASSARELLI SRL
C33: 1900013217 | D33: Z000 | E33: GR | F33: 46245 | G33: 86 | H33: 4958677.7 | I33: ARS | J33: C1 | L33: EMILIA MASSARELLI SRL | M33: 46246 | N33: 4500134840 | O33: 20 | P33: =_xlfn.CONCAT(N33:O33) -> 450013484020 | Q33: {=VLOOKUP(P33,Hoja1!C:F,{2,3,4},FALSE)} -> 46305 | R33: C26 | S33: 1000003158 EMILIA MASSARELLI SRL
C34: 1900013834 | E34: GR | F34: 46246 | G34: 86 | H34: 9387640 | I34: ARS | J34: C1 | L34: J.M.F. VIAL & PARTS SAS | M34: 46262 | N34: 4500132643 | O34: 10 | P34: =_xlfn.CONCAT(N34:O34) -> 450013264310 | Q34: {=VLOOKUP(P34,Hoja1!C:F,{2,3,4},FALSE)} -> 46301 | R34: C38 | S34: 1000002834 J.M.F. VIAL & PARTS SAS
C35: 1900014527 | E35: GR | F35: 46197 | G35: 86 | H35: 2221863.8 | I35: ARS | J35: C9 | L35: GLOBAL OIL S.R.L. | M35: 46276 | N35: 4500135995 | O35: 10 | P35: =_xlfn.CONCAT(N35:O35) -> 450013599510 | Q35: {=VLOOKUP(P35,Hoja1!C:F,{2,3,4},FALSE)} -> 46295 | R35: C21 | S35: 1000000808 GLOBAL OIL S.R.L.
C36: 1900014527 | E36: GR | F36: 46197 | G36: 86 | H36: 467680.33 | I36: ARS | J36: C9 | L36: GLOBAL OIL S.R.L. | M36: 46276 | N36: 4500135995 | O36: 10 | P36: =_xlfn.CONCAT(N36:O36) -> 450013599510 | Q36: {=VLOOKUP(P36,Hoja1!C:F,{2,3,4},FALSE)} -> 46295 | R36: C21 | S36: 1000000808 GLOBAL OIL S.R.L.
C37: 1900014616 | E37: GR | F37: 46279 | G37: 86 | H37: 6120000 | I37: ARS | J37: C1 | L37: CARLOS BOERO S.R.L. | M37: 46279 | N37: 4500134748 | O37: 10 | P37: =_xlfn.CONCAT(N37:O37) -> 450013474810 | Q37: {=VLOOKUP(P37,Hoja1!C:F,{2,3,4},FALSE)} -> 46308 | R37: C03 | S37: 1000000098 CARLOS BOERO S.R.L.
C38: 1900014664 | E38: GR | F38: 45498 | G38: 86 | H38: 1364160 | I38: ARS | J38: C1 | L38: ANDRES N. BERTOTTO SAIC | M38: 45498 | N38: 4500078458 | O38: 10 | P38: =_xlfn.CONCAT(N38:O38) -> 450007845810 | Q38: {=VLOOKUP(P38,Hoja1!C:F,{2,3,4},FALSE)} -> 45562 | R38: C03 | S38: 1000001457 ANDRES N. BERTOTTO SAIC
C39: 1900014774 | E39: GR | F39: 46281 | G39: 86 | H39: 9200000 | I39: ARS | J39: C1 | L39: EMPRESA DEL OESTE SAT | M39: 46283 | N39: 4500137489 | O39: 10 | P39: =_xlfn.CONCAT(N39:O39) -> 450013748910 | Q39: {=VLOOKUP(P39,Hoja1!C:F,{2,3,4},FALSE)} -> 46301 | R39: C03 | S39: 1000013552 EMPRESA DEL OESTE SAT
C40: 1900014837 | D40: 3000 | E40: GR | F40: 46281 | G40: 86 | H40: 9960978 | I40: ARS | J40: C1 | L40: DASTEC SRL | M40: 46287 | N40: 4500138303 | O40: 10 | P40: =_xlfn.CONCAT(N40:O40) -> 450013830310 | Q40: {=VLOOKUP(P40,Hoja1!C:F,{2,3,4},FALSE)} -> 46353 | R40: C20 | S40: 1000000968 DASTEC SRL
C41: 1900014837 | D41: 3000 | E41: GR | F41: 46281 | G41: 86 | H41: 2149564.6 | I41: ARS | J41: C1 | L41: DASTEC SRL | M41: 46287 | N41: 4500138303 | O41: 20 | P41: =_xlfn.CONCAT(N41:O41) -> 450013830320 | Q41: {=VLOOKUP(P41,Hoja1!C:F,{2,3,4},FALSE)} -> 46353 | R41: C20 | S41: 1000000968 DASTEC SRL
C42: 1900014837 | D42: 3000 | E42: GR | F42: 46281 | G42: 86 | H42: 1393979.5 | I42: ARS | J42: C1 | L42: DASTEC SRL | M42: 46287 | N42: 4500138303 | O42: 30 | P42: =_xlfn.CONCAT(N42:O42) -> 450013830330 | Q42: {=VLOOKUP(P42,Hoja1!C:F,{2,3,4},FALSE)} -> 46353 | R42: C20 | S42: 1000000968 DASTEC SRL
C43: 1900014837 | D43: 3000 | E43: GR | F43: 46281 | G43: 86 | H43: 590548 | I43: ARS | J43: C1 | L43: DASTEC SRL | M43: 46287 | N43: 4500138303 | O43: 40 | P43: =_xlfn.CONCAT(N43:O43) -> 450013830340 | Q43: {=VLOOKUP(P43,Hoja1!C:F,{2,3,4},FALSE)} -> 46353 | R43: C20 | S43: 1000000968 DASTEC SRL
C44: 1900014871 | E44: GR | F44: 46268 | G44: 86 | H44: 75500 | I44: ARS | J44: C1 | L44: BRAVO ENERGY ARGENTINA S.C.A. | M44: 46288 | N44: 4500080101 | O44: 40 | P44: =_xlfn.CONCAT(N44:O44) -> 450008010140 | Q44: {=VLOOKUP(P44,Hoja1!C:F,{2,3,4},FALSE)} -> 46386 | R44: C24 | S44: 1000000486 BRAVO ENERGY ARGENTINA S.C.A.
C45: 1900014995 | E45: GR | F45: 46262 | G45: 86 | H45: 212763 | I45: ARS | J45: C1 | L45: AGRONORTE S.R.L. | M45: 46293 | N45: 4500136283 | O45: 590 | P45: =_xlfn.CONCAT(N45:O45) -> 4500136283590 | Q45: {=VLOOKUP(P45,Hoja1!C:F,{2,3,4},FALSE)} -> 46272 | R45: C03 | S45: 1000001129 AGRONORTE S.R.L.
C46: 1900015018 | D46: 8000 | E46: GR | F46: 46293 | G46: 86 | H46: 9187279.4 | I46: ARS | J46: C1 | L46: LA LILY S.A | M46: 46293 | N46: 4500139504 | O46: 10 | P46: =_xlfn.CONCAT(N46:O46) -> 450013950410 | Q46: {=VLOOKUP(P46,Hoja1!C:F,{2,3,4},FALSE)} -> 46304 | R46: C14 | S46: 1000000681 LA LILY S.A
C47: 1900015040 | D47: Z000 | E47: GR | F47: 46290 | G47: 86 | H47: 1491930 | I47: ARS | J47: C1 | L47: NIC SA | M47: 46294 | N47: 4500131150 | O47: 30 | P47: =_xlfn.CONCAT(N47:O47) -> 450013115030 | Q47: {=VLOOKUP(P47,Hoja1!C:F,{2,3,4},FALSE)} -> 46296 | R47: C26 | S47: 1000000958 NIC SA
C48: 1900015314 | D48: 3000 | E48: GR | F48: 46297 | G48: 86 | H48: 34233020 | I48: ARS | J48: C1 | L48: BETONSUR SRL | M48: 46297 | N48: 4500137929 | O48: 10 | P48: =_xlfn.CONCAT(N48:O48) -> 450013792910 | Q48: {=VLOOKUP(P48,Hoja1!C:F,{2,3,4},FALSE)} -> 46387 | R48: C18 | S48: 1000001737 BETONSUR SRL
C49: 1900015315 | D49: 3000 | E49: GR | F49: 46297 | G49: 86 | H49: 13026982 | I49: ARS | J49: C1 | L49: BETONSUR SRL | M49: 46297 | N49: 4500133616 | O49: 10 | P49: =_xlfn.CONCAT(N49:O49) -> 450013361610 | Q49: {=VLOOKUP(P49,Hoja1!C:F,{2,3,4},FALSE)} -> 46327 | R49: C18 | S49: 1000001737 BETONSUR SRL
C50: 1900015319 | E50: GR | F50: 46265 | G50: 86 | H50: 9796020 | I50: ARS | J50: C1 | L50: SUDAMERICANA CAMIONES SA | M50: 46297 | N50: 4500137409 | O50: 10 | P50: =_xlfn.CONCAT(N50:O50) -> 450013740910 | Q50: {=VLOOKUP(P50,Hoja1!C:F,{2,3,4},FALSE)} -> 46295 | R50: C03 | S50: 1000001470 SUDAMERICANA CAMIONES SA
C51: 1900015321 | D51: 3000 | E51: GR | F51: 46296 | G51: 86 | H51: 1191680 | I51: ARS | J51: C1 | L51: G&M INFINITE ENERGY S. A. | M51: 46297 | N51: 4500139422 | O51: 10 | P51: =_xlfn.CONCAT(N51:O51) -> 450013942210 | Q51: {=VLOOKUP(P51,Hoja1!C:F,{2,3,4},FALSE)} -> 46325 | R51: C26 | S51: 1000012282 G&M INFINITE ENERGY S. A.
C52: 1900015321 | D52: 3000 | E52: GR | F52: 46296 | G52: 86 | H52: 10427200 | I52: ARS | J52: C1 | L52: G&M INFINITE ENERGY S. A. | M52: 46297 | N52: 4500139422 | O52: 20 | P52: =_xlfn.CONCAT(N52:O52) -> 450013942220 | Q52: {=VLOOKUP(P52,Hoja1!C:F,{2,3,4},FALSE)} -> 46326 | R52: C26 | S52: 1000012282 G&M INFINITE ENERGY S. A.
C53: 1900015321 | D53: 3000 | E53: GR | F53: 46296 | G53: 86 | H53: 4170880 | I53: ARS | J53: C1 | L53: G&M INFINITE ENERGY S. A. | M53: 46297 | N53: 4500139422 | O53: 30 | P53: =_xlfn.CONCAT(N53:O53) -> 450013942230 | Q53: {=VLOOKUP(P53,Hoja1!C:F,{2,3,4},FALSE)} -> 46326 | R53: C26 | S53: 1000012282 G&M INFINITE ENERGY S. A.
C54: 1900015323 | D54: 3000 | E54: GR | F54: 46296 | G54: 86 | H54: 5067474 | I54: ARS | J54: C1 | L54: KINKURO SAS | M54: 46297 | N54: 4500134671 | O54: 10 | P54: =_xlfn.CONCAT(N54:O54) -> 450013467110 | Q54: {=VLOOKUP(P54,Hoja1!C:F,{2,3,4},FALSE)} -> 46325 | R54: C26 | S54: 1000013445 KINKURO SAS
C55: 1900015323 | D55: 3000 | E55: GR | F55: 46296 | G55: 86 | H55: 447883 | I55: ARS | J55: C1 | L55: KINKURO SAS | M55: 46297 | N55: 4500134671 | O55: 20 | P55: =_xlfn.CONCAT(N55:O55) -> 450013467120 | Q55: {=VLOOKUP(P55,Hoja1!C:F,{2,3,4},FALSE)} -> 46325 | R55: C26 | S55: 1000013445 KINKURO SAS
C56: 1900015323 | D56: 3000 | E56: GR | F56: 46296 | G56: 86 | H56: 716612 | I56: ARS | J56: C1 | L56: KINKURO SAS | M56: 46297 | N56: 4500134671 | O56: 30 | P56: =_xlfn.CONCAT(N56:O56) -> 450013467130 | Q56: {=VLOOKUP(P56,Hoja1!C:F,{2,3,4},FALSE)} -> 46325 | R56: C26 | S56: 1000013445 KINKURO SAS
C57: 1900015324 | D57: 3000 | E57: GR | F57: 46296 | G57: 86 | H57: 5588128 | I57: ARS | J57: C1 | L57: KINKURO SAS | M57: 46297 | N57: 4500134716 | O57: 10 | P57: =_xlfn.CONCAT(N57:O57) -> 450013471610 | Q57: {=VLOOKUP(P57,Hoja1!C:F,{2,3,4},FALSE)} -> 46325 | R57: C26 | S57: 1000013445 KINKURO SAS
C58: 1900015325 | D58: 3000 | E58: GR | F58: 46297 | G58: 86 | H58: 7450000 | I58: ARS | J58: C1 | L58: INGEAP S.A.S. | M58: 46297 | N58: 4500134858 | O58: 10 | P58: =_xlfn.CONCAT(N58:O58) -> 450013485810 | Q58: {=VLOOKUP(P58,Hoja1!C:F,{2,3,4},FALSE)} -> 46350 | R58: C26 | S58: 1000002120 INGEAP S.A.S.
C59: 1900015326 | D59: 3000 | E59: GR | F59: 46297 | G59: 86 | H59: 15900000 | I59: ARS | J59: C1 | L59: INGEAP S.A.S. | M59: 46297 | N59: 4500132114 | O59: 10 | P59: =_xlfn.CONCAT(N59:O59) -> 450013211410 | Q59: {=VLOOKUP(P59,Hoja1!C:F,{2,3,4},FALSE)} -> 46397 | R59: C26 | S59: 1000002120 INGEAP S.A.S.
C60: 1900015326 | D60: 3000 | E60: GR | F60: 46297 | G60: 86 | H60: 11140000 | I60: ARS | J60: C1 | L60: INGEAP S.A.S. | M60: 46297 | N60: 4500132114 | O60: 20 | P60: =_xlfn.CONCAT(N60:O60) -> 450013211420 | Q60: {=VLOOKUP(P60,Hoja1!C:F,{2,3,4},FALSE)} -> 46397 | R60: C26 | S60: 1000002120 INGEAP S.A.S.
C61: 1900015326 | D61: 3000 | E61: GR | F61: 46297 | G61: 86 | H61: 680000 | I61: ARS | J61: C1 | L61: INGEAP S.A.S. | M61: 46297 | N61: 4500132114 | O61: 30 | P61: =_xlfn.CONCAT(N61:O61) -> 450013211430 | Q61: {=VLOOKUP(P61,Hoja1!C:F,{2,3,4},FALSE)} -> 46397 | R61: C26 | S61: 1000002120 INGEAP S.A.S.
C62: 1900015327 | D62: 3000 | E62: GR | F62: 46297 | G62: 86 | H62: 10358000 | I62: ARS | J62: C1 | L62: INGEAP S.A.S. | M62: 46297 | N62: 4500136810 | O62: 10 | P62: =_xlfn.CONCAT(N62:O62) -> 450013681010 | Q62: {=VLOOKUP(P62,Hoja1!C:F,{2,3,4},FALSE)} -> 46326 | R62: C26 | S62: 1000002120 INGEAP S.A.S.
... C64: 1900015332 | D64: 3000 | E64: GR | F64: 46297 | G64: 86 | H64: 191200 | I64: ARS | J64: C1 | L64: TECNOSTORE S. A. | M64: 46297 | N64: 4500139909 | O64: 20 | P64: =_xlfn.CONCAT(N64:O64) -> 450013990920 | Q64: {=VLOOKUP(P64,Hoja1!C:F,{2,3,4},FALSE)} -> 46297 | R64: 377 | S64: 1000010685 TECNOSTORE S. A.
C65: 1700001136 | E65: KG | F65: 46051 | G65: 96 | H65: -90909.08 | I65: ARS | J65: C1 | L65: CAMICO REPUESTOS PESADOS S.R.L. | M65: 46052 | N65: 4500118256 | O65: 10 | P65: =_xlfn.CONCAT(N65:O65) -> 450011825610 | Q65: {=VLOOKUP(P65,Hoja1!C:F,{2,3,4},FALSE)} -> 46049 | R65: C03 | S65: 1000009436 CAMICO REPUESTOS PESADOS S.R.L.
C66: 1700001910 | E66: KG | F66: 45975 | G66: 96 | H66: -154433.36 | I66: ARS | J66: C1 | L66: A.S. TURTURICI S.A. | M66: 46126 | N66: 4500113051 | O66: 10 | P66: =_xlfn.CONCAT(N66:O66) -> 450011305110 | Q66: {=VLOOKUP(P66,Hoja1!C:F,{2,3,4},FALSE)} -> 45979 | R66: C42 | S66: 1000000447 A.S. TURTURICI S.A.
C67: 1700003342 | E67: KG | F67: 46178 | G67: 96 | H67: -510897.54 | I67: ARS | J67: C1 | L67: LUPARINI ACOPARTES SRL | M67: 46246 | N67: 4500135356 | O67: 10 | P67: =_xlfn.CONCAT(N67:O67) -> 450013535610 | Q67: {=VLOOKUP(P67,Hoja1!C:F,{2,3,4},FALSE)} -> 46245 | R67: EFO | S67: 1000000517 LUPARINI ACOPARTES SRL
C68: 5100004502 | E68: RE | F68: 46044 | G68: 96 | H68: -653887.84 | I68: ARS | J68: C1 | L68: LA ELENA S.A. | M68: 46050 | N68: 4500118543 | O68: 90 | P68: =_xlfn.CONCAT(N68:O68) -> 450011854390 | Q68: {=VLOOKUP(P68,Hoja1!C:F,{2,3,4},FALSE)} -> 45930 | R68: C37 | S68: 1000000037 LA ELENA S.A.
C69: 5100005229 | E69: RE | F69: 46057 | G69: 86 | H69: 4900 | I69: ARS | J69: C1 | L69: ANTINORO FRANCISCO ERNESTO | M69: 46062 | N69: 4500119450 | O69: 10 | P69: =_xlfn.CONCAT(N69:O69) -> 450011945010 | Q69: {=VLOOKUP(P69,Hoja1!C:F,{2,3,4},FALSE)} -> 46061 | R69: C42 | S69: 1000000929 ANTINORO FRANCISCO ERNESTO
C70: 5100006022 | D70: 3000 | E70: RE | F70: 45700 | G70: 86 | H70: 90015.8 | I70: ARS | J70: C1 | L70: EXPRESO LUJAN DE CUYO SA | M70: 45730 | N70: 4500083703 | O70: 10 | P70: =_xlfn.CONCAT(N70:O70) -> 450008370310 | Q70: {=VLOOKUP(P70,Hoja1!C:F,{2,3,4},FALSE)} -> 46233 | R70: C15 | S70: 1000007158 EXPRESO LUJAN DE CUYO SA
C71: 5100006202 | E71: RE | F71: 46080 | G71: 86 | H71: 176666.66 | I71: ARS | J71: C9 | L71: QUIROGA CRISTIAN ROBERTO | M71: 46083 | N71: 4500119065 | O71: 20 | P71: =_xlfn.CONCAT(N71:O71) -> 450011906520 | Q71: {=VLOOKUP(P71,Hoja1!C:F,{2,3,4},FALSE)} -> 46063 | R71: C23 | S71: 1000012704 QUIROGA CRISTIAN ROBERTO
C72: 5100006420 | E72: RE | F72: 46077 | G72: 86 | H72: 105300 | I72: ARS | J72: C1 | L72: IZAZA PAULA SOLEDAD | M72: 46085 | N72: 4500057080 | O72: 40 | P72: =_xlfn.CONCAT(N72:O72) -> 450005708040 | Q72: {=VLOOKUP(P72,Hoja1!C:F,{2,3,4},FALSE)} -> 46386 | R72: C25 | S72: 1000008581 IZAZA PAULA SOLEDAD
C73: 5100007125 | E73: RE | F73: 46092 | G73: 86 | H73: 360870 | I73: ARS | J73: C1 | L73: DIESEL LANGE S.R.L | M73: 46094 | N73: 4500119340 | O73: 20 | P73: =_xlfn.CONCAT(N73:O73) -> 450011934020 | Q73: {=VLOOKUP(P73,Hoja1!C:F,{2,3,4},FALSE)} -> 46060 | R73: C03 | S73: 1000002607 DIESEL LANGE S.R.L
C74: 5100007777 | E74: RE | F74: 46087 | G74: 86 | H74: 32896 | I74: ARS | J74: C1 | L74: FURIASSE GUSTAVO WALTER | M74: 46106 | N74: 4500119365 | O74: 80 | P74: =_xlfn.CONCAT(N74:O74) -> 450011936580 | Q74: {=VLOOKUP(P74,Hoja1!C:F,{2,3,4},FALSE)} -> 46066 | R74: C27 | S74: 1000009658 FURIASSE GUSTAVO WALTER
C75: 5100008080 | E75: RE | F75: 46079 | G75: 96 | H75: -116898.39 | I75: ARS | J75: C1 | L75: TUBI-FLEX S.A. | M75: 46094 | N75: 4500122424 | O75: 10 | P75: =_xlfn.CONCAT(N75:O75) -> 450012242410 | Q75: {=VLOOKUP(P75,Hoja1!C:F,{2,3,4},FALSE)} -> 46098 | R75: EFO | S75: 1000000861 TUBI-FLEX S.A.
C76: 5100008413 | E76: RE | F76: 46118 | G76: 86 | H76: 1161393.4 | I76: ARS | J76: C1 | L76: GLOBAL OIL S.R.L. | M76: 46119 | N76: 4500123704 | O76: 10 | P76: =_xlfn.CONCAT(N76:O76) -> 450012370410 | Q76: {=VLOOKUP(P76,Hoja1!C:F,{2,3,4},FALSE)} -> 46198 | R76: C21 | S76: 1000000808 GLOBAL OIL S.R.L.
C77: 5100008413 | E77: RE | F77: 46118 | G77: 86 | H77: 14810.03 | I77: ARS | J77: C9 | L77: GLOBAL OIL S.R.L. | M77: 46119 | N77: 4500123704 | O77: 10 | P77: =_xlfn.CONCAT(N77:O77) -> 450012370410 | Q77: {=VLOOKUP(P77,Hoja1!C:F,{2,3,4},FALSE)} -> 46198 | R77: C21 | S77: 1000000808 GLOBAL OIL S.R.L.
C78: 5100008878 | E78: RE | F78: 46113 | G78: 86 | H78: 275400 | I78: ARS | J78: C1 | L78: NEURALSOFT S.R.L. | M78: 46125 | N78: 4500118745 | O78: 10 | P78: =_xlfn.CONCAT(N78:O78) -> 450011874510 | Q78: {=VLOOKUP(P78,Hoja1!C:F,{2,3,4},FALSE)} -> 46387 | R78: C24 | S78: 1000000026 NEURALSOFT S.R.L.
C79: 5100009408 | E79: RE | F79: 46121 | G79: 86 | H79: 22433.1 | I79: ARS | J79: C1 | L79: SUDAMERICANA CAMIONES SA | M79: 46132 | N79: 4500125505 | O79: 10 | P79: =_xlfn.CONCAT(N79:O79) -> 450012550510 | Q79: {=VLOOKUP(P79,Hoja1!C:F,{2,3,4},FALSE)} -> 46119 | R79: EFO | S79: 1000001470 SUDAMERICANA CAMIONES SA
C80: 5100009415 | E80: RE | F80: 46127 | G80: 86 | H80: 110085.89 | I80: ARS | J80: C1 | L80: GRUPO RP AICHI S.A.S. | M80: 46132 | N80: 4500123984 | O80: 10 | P80: =_xlfn.CONCAT(N80:O80) -> 450012398410 | Q80: {=VLOOKUP(P80,Hoja1!C:F,{2,3,4},FALSE)} -> 46132 | R80: EFO | S80: 1000009051 GRUPO RP AICHI S.A.S.
C81: 5100009433 | E81: RE | F81: 46119 | G81: 86 | H81: 18682.84 | I81: ARS | J81: C1 | L81: BULONERA FENIX S.R.L | M81: 46132 | N81: 4500125533 | O81: 10 | P81: =_xlfn.CONCAT(N81:O81) -> 450012553310 | Q81: {=VLOOKUP(P81,Hoja1!C:F,{2,3,4},FALSE)} -> 46112 | R81: EFO | S81: 1000001268 BULONERA FENIX S.R.L
C82: 5100009436 | E82: RE | F82: 46093 | G82: 86 | H82: 176436.35 | I82: ARS | J82: C1 | L82: GRUAS SAN BLAS S.A | M82: 46132 | N82: 4500125534 | O82: 10 | P82: =_xlfn.CONCAT(N82:O82) -> 450012553410 | Q82: {=VLOOKUP(P82,Hoja1!C:F,{2,3,4},FALSE)} -> 46092 | R82: EFO | S82: 1000000572 GRUAS SAN BLAS S.A
... C84: 5100009559 | E84: RE | F84: 46108 | G84: 86 | H84: 1608396.8 | I84: ARS | J84: C1 | L84: GRUAS SAN BLAS S.A | M84: 46134 | N84: 4500122097 | O84: 10 | P84: =_xlfn.CONCAT(N84:O84) -> 450012209710 | Q84: {=VLOOKUP(P84,Hoja1!C:F,{2,3,4},FALSE)} -> 46122 | R84: C03 | S84: 1000000572 GRUAS SAN BLAS S.A
C85: 5100009598 | D85: 3000 | E85: RE | F85: 46128 | G85: 86 | H85: 1180481.8 | I85: ARS | J85: C1 | L85: FELRRO SRL | M85: 46134 | N85: 4500120744 | O85: 30 | P85: =_xlfn.CONCAT(N85:O85) -> 450012074430 | Q85: {=VLOOKUP(P85,Hoja1!C:F,{2,3,4},FALSE)} -> 46121 | R85: C11 | S85: 1000012787 FELRRO SRL
C86: 5100009598 | D86: 3000 | E86: RE | F86: 46128 | G86: 86 | H86: 1205487.4 | I86: ARS | J86: C1 | L86: FELRRO SRL | M86: 46134 | N86: 4500120744 | O86: 40 | P86: =_xlfn.CONCAT(N86:O86) -> 450012074440 | Q86: {=VLOOKUP(P86,Hoja1!C:F,{2,3,4},FALSE)} -> 46121 | R86: C11 | S86: 1000012787 FELRRO SRL
C87: 5100009598 | D87: 3000 | E87: RE | F87: 46128 | G87: 86 | H87: 495763.2 | I87: ARS | J87: C1 | L87: FELRRO SRL | M87: 46134 | N87: 4500120744 | O87: 80 | P87: =_xlfn.CONCAT(N87:O87) -> 450012074480 | Q87: {=VLOOKUP(P87,Hoja1!C:F,{2,3,4},FALSE)} -> 46121 | R87: C11 | S87: 1000012787 FELRRO SRL
C88: 5100009598 | D88: 3000 | E88: RE | F88: 46128 | G88: 86 | H88: 377937.9 | I88: ARS | J88: C1 | L88: FELRRO SRL | M88: 46134 | N88: 4500120744 | O88: 90 | P88: =_xlfn.CONCAT(N88:O88) -> 450012074490 | Q88: {=VLOOKUP(P88,Hoja1!C:F,{2,3,4},FALSE)} -> 46121 | R88: C11 | S88: 1000012787 FELRRO SRL
C89: 5100009598 | D89: 3000 | E89: RE | F89: 46128 | G89: 86 | H89: 271528.2 | I89: ARS | J89: C1 | L89: FELRRO SRL | M89: 46134 | N89: 4500120744 | O89: 100 | P89: =_xlfn.CONCAT(N89:O89) -> 4500120744100 | Q89: {=VLOOKUP(P89,Hoja1!C:F,{2,3,4},FALSE)} -> 46121 | R89: C11 | S89: 1000012787 FELRRO SRL
C90: 5100009638 | E90: RE | F90: 46134 | G90: 86 | H90: 65460 | I90: ARS | J90: C1 | L90: SI (SERVICIOS INDUSTRIALES) SIERRA | M90: 46135 | N90: 4500125118 | O90: 480 | P90: =_xlfn.CONCAT(N90:O90) -> 4500125118480 | Q90: {=VLOOKUP(P90,Hoja1!C:F,{2,3,4},FALSE)} -> 46133 | R90: C27 | S90: 1000011415 SI (SERVICIOS INDUSTRIALES) SIERRA
C91: 5100010082 | D91: 3000 | E91: RE | F91: 46140 | G91: 86 | H91: 10986.05 | I91: ARS | J91: C9 | L91: LA RONTONDA DE DANIEL MORAN | M91: 46141 | N91: 4500119329 | O91: 10 | P91: =_xlfn.CONCAT(N91:O91) -> 450011932910 | Q91: {=VLOOKUP(P91,Hoja1!C:F,{2,3,4},FALSE)} -> 46234 | R91: C21 | S91: 1000005043 LA RONTONDA DE DANIEL MORAN
C92: 5100010217 | E92: RE | F92: 46122 | G92: 86 | H92: 16000 | I92: ARS | J92: C1 | L92: BUREAU VERITAS ARG. S.A. | M92: 46146 | N92: 4500115783 | O92: 50 | P92: =_xlfn.CONCAT(N92:O92) -> 450011578350 | Q92: {=VLOOKUP(P92,Hoja1!C:F,{2,3,4},FALSE)} -> 46142 | R92: C24 | S92: 1000000185 BUREAU VERITAS ARG. S.A.
C93: 5100010272 | E93: RE | F93: 46146 | G93: 86 | H93: 275400 | I93: ARS | J93: C1 | L93: NEURALSOFT S.R.L. | M93: 46146 | N93: 4500118745 | O93: 10 | P93: =_xlfn.CONCAT(N93:O93) -> 450011874510 | Q93: {=VLOOKUP(P93,Hoja1!C:F,{2,3,4},FALSE)} -> 46387 | R93: C24 | S93: 1000000026 NEURALSOFT S.R.L.
C94: 5100010318 | E94: RE | F94: 46135 | G94: 96 | H94: -11000 | I94: ARS | J94: C2 | L94: INGENIERIA BOGGIO S.A | M94: 46136 | N94: 4500125894 | O94: 10 | P94: =_xlfn.CONCAT(N94:O94) -> 450012589410 | Q94: {=VLOOKUP(P94,Hoja1!C:F,{2,3,4},FALSE)} -> 46142 | R94: C42 | S94: 1000000452 INGENIERIA BOGGIO S.A
C95: 5100010583 | E95: RE | F95: 46132 | G95: 86 | H95: 143356 | I95: ARS | J95: C1 | L95: BASUALDO NECCHI MARCOS GABRIEL | M95: 46149 | N95: 4500125472 | O95: 10 | P95: =_xlfn.CONCAT(N95:O95) -> 450012547210 | Q95: {=VLOOKUP(P95,Hoja1!C:F,{2,3,4},FALSE)} -> 46259 | R95: C38 | S95: 1000010401 BASUALDO NECCHI MARCOS GABRIEL
C96: 5100010584 | E96: RE | F96: 46132 | G96: 86 | H96: 143356 | I96: ARS | J96: C1 | L96: BASUALDO NECCHI MARCOS GABRIEL | M96: 46149 | N96: 4500125472 | O96: 20 | P96: =_xlfn.CONCAT(N96:O96) -> 450012547220 | Q96: {=VLOOKUP(P96,Hoja1!C:F,{2,3,4},FALSE)} -> 46259 | R96: C38 | S96: 1000010401 BASUALDO NECCHI MARCOS GABRIEL
C97: 5100010754 | E97: RE | F97: 46150 | G97: 86 | H97: 39802.6 | I97: ARS | J97: C1 | L97: GRUAS SAN BLAS S.A | M97: 46153 | N97: 4500127285 | O97: 10 | P97: =_xlfn.CONCAT(N97:O97) -> 450012728510 | Q97: {=VLOOKUP(P97,Hoja1!C:F,{2,3,4},FALSE)} -> 46155 | R97: EFO | S97: 1000000572 GRUAS SAN BLAS S.A
C98: 5100010909 | E98: RE | F98: 46132 | G98: 86 | H98: 32000 | I98: ARS | J98: C1 | L98: BUREAU VERITAS ARG. S.A. | M98: 46154 | N98: 4500115783 | O98: 50 | P98: =_xlfn.CONCAT(N98:O98) -> 450011578350 | Q98: {=VLOOKUP(P98,Hoja1!C:F,{2,3,4},FALSE)} -> 46142 | R98: C24 | S98: 1000000185 BUREAU VERITAS ARG. S.A.
C99: 5100011081 | D99: 3000 | E99: RE | F99: 46148 | G99: 86 | H99: 150000 | I99: ARS | J99: C1 | L99: CONTRERAS BRIAN ALEXANDER | M99: 46156 | N99: 4500122376 | O99: 10 | P99: =_xlfn.CONCAT(N99:O99) -> 450012237610 | Q99: {=VLOOKUP(P99,Hoja1!C:F,{2,3,4},FALSE)} -> 46174 | R99: EFO | S99: 1000011461 CONTRERAS BRIAN ALEXANDER
C100: 5100011081 | D100: 3000 | E100: RE | F100: 46148 | G100: 86 | H100: 120000 | I100: ARS | J100: C1 | L100: CONTRERAS BRIAN ALEXANDER | M100: 46156 | N100: 4500122376 | O100: 20 | P100: =_xlfn.CONCAT(N100:O100) -> 450012237620 | Q100: {=VLOOKUP(P100,Hoja1!C:F,{2,3,4},FALSE)} -> 46174 | R100: EFO | S100: 1000011461 CONTRERAS BRIAN ALEXANDER
C101: 5100011081 | D101: 3000 | E101: RE | F101: 46148 | G101: 86 | H101: 1496956.5 | I101: ARS | J101: C1 | L101: CONTRERAS BRIAN ALEXANDER | M101: 46156 | N101: 4500122376 | O101: 30 | P101: =_xlfn.CONCAT(N101:O101) -> 450012237630 | Q101: {=VLOOKUP(P101,Hoja1!C:F,{2,3,4},FALSE)} -> 46174 | R101: EFO | S101: 1000011461 CONTRERAS BRIAN ALEXANDER
C102: 5100011081 | D102: 3000 | E102: RE | F102: 46148 | G102: 86 | H102: 60000 | I102: ARS | J102: C1 | L102: CONTRERAS BRIAN ALEXANDER | M102: 46156 | N102: 4500122376 | O102: 60 | P102: =_xlfn.CONCAT(N102:O102) -> 450012237660 | Q102: {=VLOOKUP(P102,Hoja1!C:F,{2,3,4},FALSE)} -> 46174 | R102: EFO | S102: 1000011461 CONTRERAS BRIAN ALEXANDER
...

Sheet Hoja1
A1: Documento compras | B1: Posición | D1: Fecha de entrega | E1: Grupo de compras | F1: Proveedor/Centro suministrador
A2: 4500130230 | B2: 10 | C2: =_xlfn.CONCAT(A2:B2) -> 450013023010 | D2: 46402 | E2: C25 | F2: 1000000065 SA IMPORTADORA Y EXP. DE LA PA
A3: 4500139115 | B3: 10 | C3: =_xlfn.CONCAT(A3:B3) -> 450013911510 | D3: 46397 | E3: C26 | F3: 1000002120 INGEAP S.A.S.
A4: 4500137748 | B4: 10 | C4: =_xlfn.CONCAT(A4:B4) -> 450013774810 | D4: 46336 | E4: C15 | F4: 1000011965 DIRECTO SUR S. R. L.
A5: 4500139377 | B5: 10 | C5: =_xlfn.CONCAT(A5:B5) -> 450013937710 | D5: 46402 | E5: C26 | F5: 1000002120 INGEAP S.A.S.
A6: 4500139125 | B6: 10 | C6: =_xlfn.CONCAT(A6:B6) -> 450013912510 | D6: 46350 | E6: C26 | F6: 1000002120 INGEAP S.A.S.
A7: 4500137571 | B7: 10 | C7: =_xlfn.CONCAT(A7:B7) -> 450013757110 | D7: 46387 | E7: C15 | F7: 1000010190 ANDREANI LOGISTICA SA
A8: 4500139153 | B8: 10 | C8: =_xlfn.CONCAT(A8:B8) -> 450013915310 | D8: 46326 | E8: C26 | F8: 1000002120 INGEAP S.A.S.
A9: 4500136303 | B9: 10 | C9: =_xlfn.CONCAT(A9:B9) -> 450013630310 | D9: 46356 | E9: C21 | F9: 1000006796 SERVICIOS CIPOLLETTI SRL
A10: 4500136126 | B10: 10 | C10: =_xlfn.CONCAT(A10:B10) -> 450013612610 | D10: 46325 | E10: C25 | F10: 1000012180 ANDRADE ERIC ALEXIS
A11: 4500139224 | B11: 10 | C11: =_xlfn.CONCAT(A11:B11) -> 450013922410 | D11: 46326 | E11: C21 | F11: 1000000808 GLOBAL OIL S.R.L.
A12: 4500108692 | B12: 10 | C12: =_xlfn.CONCAT(A12:B12) -> 450010869210 | D12: 46330 | E12: C12 | F12: 1000011488 RM DEL SUR S. R. L
A13: 4500129761 | B13: 10 | C13: =_xlfn.CONCAT(A13:B13) -> 450012976110 | D13: 47299 | E13: C25 | F13: 1000000527 SEGURIDAD Y RESGUARDO SRL
... A3658: 4500140170 | B3658: 10 | C3658: =_xlfn.CONCAT(A3658:B3658) -> 450014017010 | D3658: 46359 | E3658: C25 | F3658: 1000011590 NOALE CLAUDIA ELISABETH VIVIANA
